﻿<?xml version="1.0" encoding="utf-8"?>
<ArrayOfFeature xmlns:xsi="http://www.w3.org/2001/XMLSchema-instance" xmlns:xsd="http://www.w3.org/2001/XMLSchema">
  <Feature>
    <Title>Access on Macs, Linux, and Tablets</Title>
    <Summary>Access the same great content through your web browser. NetSim™ may be used on most modern web browsers and devices including Macs, Linux, tablets, and of course, Windows.</Summary>
    <ImagePath>https://netsim.boson.com/assets/upgrade/tablet.png</ImagePath>
  </Feature>
  <Feature>
    <Title>Dark Mode</Title>
    <Summary>Night Owls, rejoice! Dark mode for NetSim™ is now available exclusively in our online application.</Summary>
    <ImagePath>https://netsim.boson.com/assets/upgrade/dark-mode-contrast.png</ImagePath>
  </Feature>
  <Feature>
    <Title>New Content</Title>
    <Summary>Get access to the latest content and IOS, as well as new content, without worrying about software updates.</Summary>
    <ImagePath>https://netsim.boson.com/assets/upgrade/content-tablet.png</ImagePath>
  </Feature>
  <Feature>
    <Title>Synchronized progress between physical devices</Title>
    <Summary>We did all the hard work to get your devices synched up to remember your progress.</Summary>
    <ImagePath>https://netsim.boson.com/assets/upgrade/synchronized-history.png</ImagePath>
  </Feature>
  <Feature>
    <Title>Network Designer</Title>
    <Summary>Network Designer online includes new features such as the ability to favorite devices and customize device icons.</Summary>
    <ImagePath>https://netsim.boson.com/assets/upgrade/network-designer.png</ImagePath>
  </Feature>
  <Feature>
    <Title>Interactive Document</Title>
    <Summary>Jump to a console directly from the lab document text or peek at the answer without scrolling down to the lab solutions.</Summary>
    <ImagePath>https://netsim.boson.com/assets/upgrade/jump-to-console.png</ImagePath>
  </Feature>
  <Feature>
    <Title>Printable References</Title>
    <Summary>NetSim™ online makes it easier to print lab document references materials including Command Summary tables, Lab Topology diagrams, and IP Address tables.</Summary>
    <ImagePath>https://netsim.boson.com/assets/upgrade/references.png</ImagePath>
  </Feature>
  <Feature>
    <Title>Keyboard Shortcuts</Title>
    <Summary>NetSim™ online includes new keyboard shortcuts for opening the topology, the lab document, or new console windows.</Summary>
    <ImagePath>https://netsim.boson.com/assets/upgrade/fuzzy-search.png</ImagePath>
  </Feature>
  <Feature>
    <Title>Undockable Windows</Title>
    <Summary>You can undock device consoles, the lab document, and the lab topology similar to NetSim™ on the desktop.</Summary>
    <ImagePath></ImagePath>
  </Feature>
</ArrayOfFeature>